Episode,A3C_Score,A2C_Score,ACER_Score
1,20.0,26.0,30.0
2,28.0,14.0,40.0
3,10.0,16.0,24.0
4,34.0,25.0,29.0
5,16.0,15.0,24.0
6,66.0,11.0,13.0
7,27.0,14.0,19.0
8,12.0,31.0,12.0
9,23.0,20.0,18.0
10,17.0,15.0,68.0
11,12.0,12.0,10.0
12,77.0,16.0,9.0
13,44.0,13.0,11.0
14,16.0,21.0,33.0
15,30.0,16.0,23.0
16,30.0,28.0,19.0
17,15.0,17.0,17.0
18,28.0,17.0,21.0
19,12.0,9.0,14.0
20,18.0,13.0,28.0
21,14.0,11.0,17.0
22,24.0,42.0,15.0
23,37.0,18.0,10.0
24,20.0,22.0,10.0
25,10.0,18.0,12.0
26,21.0,13.0,10.0
27,12.0,15.0,13.0
28,28.0,25.0,19.0
29,22.0,24.0,19.0
30,14.0,18.0,18.0
31,10.0,25.0,13.0
32,13.0,15.0,9.0
33,18.0,16.0,20.0
34,23.0,28.0,12.0
35,14.0,35.0,24.0
36,26.0,14.0,12.0
37,11.0,9.0,19.0
38,51.0,30.0,88.0
39,45.0,25.0,29.0
40,28.0,10.0,30.0
41,15.0,15.0,30.0
42,20.0,16.0,16.0
43,17.0,13.0,32.0
44,27.0,39.0,35.0
45,14.0,10.0,13.0
46,28.0,50.0,25.0
47,26.0,37.0,29.0
48,22.0,17.0,14.0
49,17.0,14.0,24.0
50,16.0,13.0,19.0
51,14.0,18.0,15.0
52,36.0,13.0,28.0
53,17.0,36.0,43.0
54,19.0,14.0,33.0
55,54.0,25.0,43.0
56,35.0,18.0,15.0
57,14.0,15.0,28.0
58,16.0,49.0,39.0
59,40.0,11.0,36.0
60,14.0,32.0,33.0
61,12.0,17.0,26.0
62,17.0,16.0,59.0
63,13.0,20.0,45.0
64,30.0,26.0,31.0
65,15.0,20.0,15.0
66,14.0,36.0,23.0
67,12.0,15.0,41.0
68,18.0,15.0,19.0
69,14.0,32.0,33.0
70,13.0,17.0,22.0
71,16.0,11.0,15.0
72,17.0,18.0,18.0
73,42.0,38.0,34.0
74,17.0,15.0,13.0
75,24.0,18.0,15.0
76,26.0,43.0,41.0
77,22.0,20.0,24.0
78,13.0,16.0,11.0
79,11.0,11.0,11.0
80,75.0,23.0,29.0
81,33.0,30.0,10.0
82,21.0,29.0,15.0
83,11.0,21.0,13.0
84,11.0,11.0,15.0
85,21.0,25.0,31.0
86,31.0,16.0,12.0
87,23.0,32.0,15.0
88,11.0,22.0,18.0
89,14.0,17.0,20.0
90,22.0,18.0,14.0
91,78.0,23.0,10.0
92,11.0,14.0,18.0
93,20.0,16.0,36.0
94,9.0,23.0,23.0
95,22.0,22.0,11.0
96,61.0,16.0,12.0
97,11.0,29.0,18.0
98,28.0,17.0,10.0
99,30.0,12.0,31.0
100,28.0,28.0,15.0
101,37.0,18.0,21.0
102,10.0,33.0,10.0
103,16.0,56.0,11.0
104,20.0,21.0,9.0
105,21.0,21.0,16.0
106,39.0,12.0,28.0
107,30.0,31.0,35.0
108,18.0,13.0,13.0
109,35.0,17.0,9.0
110,9.0,30.0,16.0
111,15.0,36.0,11.0
112,11.0,32.0,16.0
113,14.0,11.0,15.0
114,15.0,33.0,9.0
115,26.0,24.0,9.0
116,21.0,29.0,12.0
117,53.0,25.0,15.0
118,20.0,9.0,10.0
119,11.0,13.0,32.0
120,21.0,25.0,10.0
121,15.0,11.0,15.0
122,64.0,16.0,8.0
123,12.0,10.0,11.0
124,28.0,17.0,18.0
125,29.0,13.0,10.0
126,22.0,12.0,18.0
127,28.0,14.0,16.0
128,50.0,19.0,10.0
129,10.0,13.0,22.0
130,15.0,14.0,13.0
131,17.0,28.0,10.0
132,21.0,46.0,10.0
133,8.0,47.0,11.0
134,13.0,15.0,9.0
135,13.0,14.0,14.0
136,27.0,14.0,9.0
137,19.0,14.0,15.0
138,17.0,20.0,15.0
139,23.0,16.0,10.0
140,22.0,16.0,11.0
141,39.0,31.0,10.0
142,18.0,13.0,9.0
143,35.0,18.0,9.0
144,28.0,18.0,10.0
145,35.0,23.0,13.0
146,30.0,25.0,8.0
147,20.0,21.0,8.0
148,30.0,48.0,9.0
149,21.0,34.0,8.0
150,42.0,12.0,11.0
151,28.0,27.0,11.0
152,20.0,34.0,26.0
153,9.0,24.0,10.0
154,19.0,12.0,11.0
155,29.0,26.0,14.0
156,34.0,21.0,14.0
157,19.0,16.0,8.0
158,10.0,22.0,10.0
159,16.0,13.0,10.0
160,13.0,17.0,11.0
161,9.0,11.0,11.0
162,40.0,19.0,9.0
163,14.0,30.0,12.0
164,17.0,13.0,11.0
165,32.0,16.0,10.0
166,16.0,16.0,13.0
167,16.0,12.0,11.0
168,24.0,18.0,10.0
169,23.0,19.0,13.0
170,12.0,77.0,8.0
171,23.0,30.0,11.0
172,9.0,15.0,10.0
173,72.0,27.0,10.0
174,30.0,30.0,13.0
175,21.0,20.0,11.0
176,10.0,15.0,11.0
177,35.0,30.0,10.0
178,10.0,68.0,10.0
179,16.0,16.0,14.0
180,38.0,16.0,12.0
181,17.0,23.0,13.0
182,15.0,11.0,8.0
183,28.0,38.0,10.0
184,13.0,15.0,10.0
185,13.0,17.0,14.0
186,48.0,54.0,10.0
187,32.0,37.0,11.0
188,34.0,42.0,14.0
189,10.0,15.0,12.0
190,25.0,18.0,10.0
191,19.0,12.0,14.0
192,12.0,13.0,12.0
193,17.0,48.0,12.0
194,13.0,67.0,12.0
195,33.0,11.0,11.0
196,16.0,25.0,11.0
197,35.0,20.0,10.0
198,12.0,14.0,14.0
199,23.0,38.0,15.0
200,46.0,20.0,10.0
201,21.0,8.0,9.0
202,42.0,16.0,12.0
203,13.0,57.0,10.0
204,12.0,17.0,9.0
205,28.0,30.0,9.0
206,40.0,73.0,12.0
207,15.0,29.0,15.0
208,18.0,23.0,10.0
209,19.0,24.0,13.0
210,34.0,33.0,13.0
211,22.0,22.0,12.0
212,15.0,32.0,15.0
213,47.0,48.0,16.0
214,35.0,38.0,15.0
215,18.0,19.0,10.0
216,50.0,22.0,10.0
217,29.0,25.0,10.0
218,41.0,16.0,15.0
219,30.0,26.0,11.0
220,15.0,44.0,10.0
221,32.0,21.0,11.0
222,22.0,19.0,11.0
223,18.0,15.0,16.0
224,17.0,18.0,14.0
225,40.0,30.0,9.0
226,17.0,16.0,11.0
227,11.0,18.0,13.0
228,16.0,33.0,18.0
229,15.0,27.0,13.0
230,27.0,25.0,18.0
231,44.0,24.0,13.0
232,21.0,13.0,14.0
233,14.0,20.0,14.0
234,12.0,16.0,13.0
235,40.0,18.0,11.0
236,54.0,27.0,19.0
237,23.0,21.0,17.0
238,18.0,14.0,9.0
239,47.0,43.0,12.0
240,20.0,15.0,10.0
241,11.0,30.0,15.0
242,47.0,31.0,12.0
243,24.0,13.0,12.0
244,51.0,21.0,14.0
245,21.0,29.0,10.0
246,22.0,46.0,12.0
247,31.0,45.0,14.0
248,18.0,28.0,14.0
249,34.0,57.0,16.0
250,15.0,50.0,18.0
251,23.0,39.0,14.0
252,36.0,17.0,13.0
253,19.0,13.0,13.0
254,26.0,24.0,11.0
255,15.0,26.0,13.0
256,25.0,38.0,15.0
257,29.0,17.0,18.0
258,24.0,18.0,10.0
259,20.0,9.0,16.0
260,33.0,20.0,17.0
261,42.0,20.0,14.0
262,23.0,64.0,13.0
263,25.0,26.0,15.0
264,41.0,17.0,9.0
265,56.0,12.0,11.0
266,62.0,41.0,12.0
267,17.0,42.0,14.0
268,15.0,36.0,11.0
269,17.0,18.0,11.0
270,37.0,29.0,16.0
271,57.0,39.0,17.0
272,46.0,56.0,9.0
273,33.0,17.0,11.0
274,10.0,18.0,9.0
275,29.0,16.0,9.0
276,21.0,25.0,10.0
277,44.0,53.0,14.0
278,21.0,35.0,10.0
279,14.0,34.0,11.0
280,26.0,28.0,11.0
281,12.0,22.0,13.0
282,41.0,12.0,9.0
283,24.0,28.0,14.0
284,98.0,19.0,15.0
285,16.0,24.0,12.0
286,42.0,50.0,16.0
287,22.0,34.0,13.0
288,53.0,38.0,12.0
289,29.0,20.0,10.0
290,21.0,39.0,9.0
291,26.0,29.0,12.0
292,17.0,27.0,12.0
293,12.0,63.0,13.0
294,10.0,18.0,13.0
295,25.0,13.0,12.0
296,68.0,90.0,14.0
297,27.0,23.0,11.0
298,26.0,21.0,14.0
299,28.0,38.0,12.0
300,26.0,16.0,14.0
301,34.0,30.0,14.0
302,13.0,22.0,10.0
303,47.0,16.0,11.0
304,70.0,20.0,9.0
305,26.0,35.0,11.0
306,16.0,35.0,11.0
307,27.0,21.0,10.0
308,43.0,79.0,12.0
309,31.0,16.0,11.0
310,10.0,81.0,13.0
311,17.0,50.0,13.0
312,11.0,26.0,11.0
313,48.0,13.0,13.0
314,15.0,34.0,13.0
315,31.0,18.0,11.0
316,49.0,30.0,18.0
317,102.0,43.0,15.0
318,34.0,16.0,13.0
319,36.0,34.0,17.0
320,12.0,47.0,10.0
321,14.0,22.0,11.0
322,43.0,23.0,9.0
323,35.0,31.0,11.0
324,38.0,26.0,13.0
325,24.0,26.0,12.0
326,36.0,88.0,14.0
327,48.0,17.0,12.0
328,50.0,27.0,15.0
329,14.0,42.0,11.0
330,16.0,31.0,14.0
331,36.0,35.0,10.0
332,45.0,28.0,14.0
333,40.0,69.0,12.0
334,58.0,45.0,11.0
335,24.0,109.0,12.0
336,38.0,22.0,10.0
337,11.0,27.0,17.0
338,19.0,44.0,9.0
339,25.0,20.0,11.0
340,30.0,67.0,15.0
341,18.0,26.0,14.0
342,18.0,21.0,15.0
343,25.0,38.0,11.0
344,13.0,24.0,12.0
345,14.0,57.0,15.0
346,14.0,17.0,17.0
347,30.0,27.0,10.0
348,48.0,75.0,18.0
349,41.0,22.0,25.0
350,22.0,16.0,13.0
351,40.0,19.0,14.0
352,39.0,42.0,13.0
353,34.0,12.0,13.0
354,114.0,32.0,16.0
355,91.0,30.0,10.0
356,48.0,20.0,10.0
357,24.0,37.0,13.0
358,17.0,16.0,15.0
359,52.0,24.0,17.0
360,33.0,39.0,13.0
361,22.0,29.0,11.0
362,56.0,22.0,13.0
363,19.0,22.0,14.0
364,13.0,35.0,12.0
365,24.0,42.0,10.0
366,31.0,27.0,17.0
367,21.0,28.0,29.0
368,29.0,22.0,19.0
369,23.0,17.0,19.0
370,22.0,48.0,16.0
371,40.0,12.0,15.0
372,21.0,62.0,20.0
373,23.0,23.0,15.0
374,18.0,21.0,16.0
375,24.0,21.0,11.0
376,34.0,36.0,17.0
377,22.0,42.0,13.0
378,21.0,17.0,16.0
379,13.0,13.0,29.0
380,46.0,15.0,15.0
381,42.0,43.0,24.0
382,53.0,37.0,10.0
383,16.0,18.0,14.0
384,46.0,39.0,10.0
385,24.0,33.0,20.0
386,28.0,21.0,18.0
387,19.0,37.0,28.0
388,14.0,34.0,30.0
389,27.0,47.0,14.0
390,55.0,19.0,15.0
391,85.0,21.0,16.0
392,28.0,79.0,20.0
393,36.0,11.0,25.0
394,84.0,30.0,13.0
395,49.0,23.0,14.0
396,21.0,23.0,13.0
397,54.0,26.0,16.0
398,18.0,21.0,19.0
399,15.0,25.0,17.0
400,47.0,21.0,15.0
401,16.0,44.0,27.0
402,29.0,19.0,10.0
403,77.0,22.0,23.0
404,21.0,20.0,14.0
405,39.0,24.0,17.0
406,34.0,34.0,12.0
407,54.0,24.0,15.0
408,52.0,28.0,11.0
409,42.0,25.0,11.0
410,39.0,25.0,16.0
411,38.0,23.0,15.0
412,61.0,23.0,15.0
413,20.0,24.0,12.0
414,18.0,49.0,11.0
415,85.0,15.0,26.0
416,23.0,35.0,22.0
417,21.0,27.0,22.0
418,20.0,66.0,23.0
419,28.0,73.0,21.0
420,33.0,21.0,16.0
421,27.0,21.0,21.0
422,41.0,49.0,21.0
423,19.0,22.0,15.0
424,12.0,26.0,16.0
425,99.0,19.0,17.0
426,17.0,23.0,29.0
427,43.0,49.0,22.0
428,37.0,30.0,39.0
429,44.0,38.0,22.0
430,37.0,29.0,33.0
431,21.0,48.0,34.0
432,36.0,14.0,15.0
433,57.0,28.0,22.0
434,99.0,26.0,30.0
435,46.0,57.0,18.0
436,44.0,27.0,18.0
437,25.0,103.0,16.0
438,35.0,31.0,20.0
439,10.0,17.0,33.0
440,30.0,99.0,22.0
441,54.0,34.0,45.0
442,15.0,26.0,19.0
443,19.0,13.0,19.0
444,22.0,25.0,21.0
445,38.0,27.0,23.0
446,46.0,131.0,45.0
447,15.0,52.0,16.0
448,14.0,40.0,16.0
449,19.0,16.0,35.0
450,38.0,30.0,67.0
451,41.0,31.0,48.0
452,141.0,40.0,78.0
453,11.0,63.0,25.0
454,16.0,38.0,38.0
455,24.0,73.0,23.0
456,48.0,29.0,36.0
457,88.0,23.0,19.0
458,38.0,12.0,32.0
459,27.0,32.0,20.0
460,37.0,24.0,15.0
461,36.0,36.0,25.0
462,10.0,28.0,34.0
463,54.0,32.0,37.0
464,30.0,16.0,22.0
465,25.0,16.0,24.0
466,18.0,57.0,23.0
467,83.0,40.0,16.0
468,52.0,35.0,22.0
469,36.0,37.0,28.0
470,34.0,50.0,22.0
471,30.0,33.0,23.0
472,15.0,29.0,45.0
473,26.0,17.0,21.0
474,79.0,17.0,32.0
475,42.0,54.0,33.0
476,26.0,14.0,80.0
477,28.0,30.0,44.0
478,17.0,59.0,136.0
479,30.0,18.0,45.0
480,37.0,58.0,84.0
481,25.0,24.0,22.0
482,45.0,27.0,28.0
483,16.0,15.0,24.0
484,45.0,21.0,75.0
485,14.0,47.0,32.0
486,15.0,19.0,28.0
487,21.0,16.0,46.0
488,47.0,36.0,35.0
489,19.0,85.0,85.0
490,94.0,95.0,23.0
491,30.0,23.0,174.0
492,33.0,27.0,78.0
493,43.0,28.0,74.0
494,28.0,14.0,53.0
495,27.0,16.0,109.0
496,12.0,29.0,53.0
497,27.0,45.0,31.0
498,16.0,27.0,61.0
499,35.0,38.0,61.0
500,41.0,21.0,50.0
501,34.0,32.0,32.0
502,37.0,33.0,30.0
503,41.0,29.0,24.0
504,49.0,48.0,70.0
505,23.0,31.0,46.0
506,39.0,19.0,31.0
507,47.0,24.0,47.0
508,71.0,41.0,28.0
509,16.0,23.0,17.0
510,26.0,64.0,24.0
511,10.0,90.0,30.0
512,74.0,40.0,36.0
513,29.0,36.0,32.0
514,75.0,38.0,17.0
515,102.0,30.0,84.0
516,42.0,18.0,28.0
517,91.0,34.0,52.0
518,39.0,76.0,48.0
519,16.0,22.0,69.0
520,48.0,39.0,52.0
521,28.0,40.0,51.0
522,37.0,41.0,26.0
523,45.0,28.0,42.0
524,42.0,68.0,55.0
525,33.0,28.0,39.0
526,26.0,39.0,29.0
527,42.0,18.0,29.0
528,43.0,40.0,49.0
529,50.0,26.0,40.0
530,25.0,30.0,55.0
531,25.0,55.0,73.0
532,22.0,168.0,34.0
533,45.0,53.0,33.0
534,11.0,23.0,19.0
535,24.0,16.0,57.0
536,50.0,21.0,28.0
537,83.0,52.0,22.0
538,19.0,69.0,35.0
539,75.0,73.0,40.0
540,12.0,19.0,25.0
541,60.0,25.0,57.0
542,18.0,65.0,35.0
543,44.0,58.0,75.0
544,66.0,28.0,62.0
545,66.0,37.0,66.0
546,87.0,25.0,34.0
547,13.0,48.0,75.0
548,16.0,50.0,60.0
549,26.0,27.0,150.0
550,46.0,31.0,115.0
551,20.0,116.0,96.0
552,81.0,23.0,92.0
553,48.0,34.0,40.0
554,19.0,19.0,234.0
555,23.0,61.0,126.0
556,19.0,37.0,286.0
557,17.0,78.0,71.0
558,64.0,57.0,72.0
559,26.0,21.0,135.0
560,46.0,46.0,112.0
561,29.0,55.0,39.0
562,73.0,44.0,100.0
563,79.0,28.0,62.0
564,33.0,65.0,36.0
565,63.0,32.0,60.0
566,45.0,18.0,59.0
567,17.0,27.0,31.0
568,20.0,95.0,75.0
569,33.0,66.0,69.0
570,56.0,28.0,168.0
571,39.0,58.0,209.0
572,20.0,28.0,156.0
573,61.0,61.0,89.0
574,59.0,30.0,143.0
575,33.0,49.0,90.0
576,53.0,69.0,169.0
577,26.0,16.0,72.0
578,63.0,30.0,71.0
579,87.0,78.0,107.0
580,56.0,84.0,126.0
581,64.0,44.0,205.0
582,79.0,24.0,83.0
583,14.0,47.0,190.0
584,45.0,46.0,441.0
585,63.0,15.0,125.0
586,67.0,48.0,247.0
587,31.0,34.0,19.0
588,36.0,32.0,44.0
589,14.0,57.0,39.0
590,57.0,39.0,91.0
591,39.0,79.0,143.0
592,87.0,33.0,94.0
593,70.0,26.0,87.0
594,16.0,20.0,132.0
595,22.0,21.0,192.0
596,21.0,48.0,129.0
597,22.0,24.0,105.0
598,89.0,19.0,73.0
599,45.0,40.0,92.0
600,38.0,30.0,54.0
601,34.0,45.0,32.0
602,44.0,31.0,104.0
603,20.0,36.0,32.0
604,27.0,21.0,102.0
605,31.0,97.0,74.0
606,25.0,29.0,113.0
607,14.0,60.0,90.0
608,58.0,37.0,85.0
609,25.0,63.0,40.0
610,96.0,70.0,149.0
611,29.0,61.0,116.0
612,49.0,16.0,62.0
613,19.0,44.0,98.0
614,24.0,55.0,144.0
615,18.0,44.0,106.0
616,68.0,33.0,58.0
617,50.0,42.0,37.0
618,45.0,119.0,39.0
619,27.0,37.0,95.0
620,18.0,42.0,201.0
621,32.0,108.0,71.0
622,72.0,52.0,81.0
623,18.0,59.0,107.0
624,15.0,82.0,28.0
625,16.0,58.0,80.0
626,28.0,52.0,65.0
627,41.0,36.0,79.0
628,51.0,32.0,64.0
629,19.0,26.0,183.0
630,24.0,34.0,110.0
631,47.0,35.0,122.0
632,30.0,34.0,142.0
633,27.0,13.0,109.0
634,22.0,85.0,101.0
635,50.0,31.0,147.0
636,17.0,53.0,80.0
637,20.0,71.0,39.0
638,12.0,53.0,100.0
639,64.0,79.0,86.0
640,159.0,54.0,90.0
641,13.0,26.0,128.0
642,105.0,16.0,42.0
643,21.0,163.0,23.0
644,22.0,27.0,67.0
645,41.0,32.0,93.0
646,22.0,16.0,123.0
647,35.0,69.0,81.0
648,69.0,28.0,69.0
649,51.0,64.0,90.0
650,60.0,60.0,138.0
651,33.0,63.0,83.0
652,32.0,63.0,140.0
653,30.0,25.0,200.0
654,21.0,35.0,172.0
655,162.0,39.0,132.0
656,17.0,17.0,88.0
657,47.0,29.0,113.0
658,108.0,66.0,146.0
659,44.0,69.0,122.0
660,46.0,59.0,89.0
661,45.0,30.0,97.0
662,25.0,65.0,156.0
663,81.0,38.0,71.0
664,30.0,18.0,126.0
665,59.0,80.0,110.0
666,31.0,38.0,149.0
667,25.0,64.0,126.0
668,34.0,19.0,70.0
669,31.0,32.0,185.0
670,47.0,37.0,276.0
671,58.0,82.0,177.0
672,44.0,43.0,112.0
673,27.0,28.0,82.0
674,58.0,36.0,117.0
675,60.0,55.0,95.0
676,91.0,34.0,108.0
677,21.0,29.0,67.0
678,40.0,66.0,94.0
679,14.0,15.0,103.0
680,55.0,55.0,218.0
681,103.0,59.0,98.0
682,14.0,48.0,48.0
683,27.0,20.0,87.0
684,34.0,37.0,87.0
685,22.0,34.0,49.0
686,25.0,41.0,72.0
687,14.0,143.0,123.0
688,87.0,31.0,72.0
689,34.0,55.0,40.0
690,28.0,26.0,91.0
691,38.0,32.0,52.0
692,37.0,18.0,77.0
693,19.0,149.0,64.0
694,40.0,34.0,52.0
695,58.0,37.0,87.0
696,142.0,17.0,71.0
697,138.0,77.0,126.0
698,15.0,54.0,115.0
699,60.0,24.0,86.0
700,29.0,43.0,154.0
701,45.0,92.0,224.0
702,20.0,135.0,249.0
703,28.0,44.0,141.0
704,19.0,83.0,104.0
705,49.0,76.0,142.0
706,35.0,27.0,106.0
707,19.0,34.0,78.0
708,17.0,87.0,109.0
709,31.0,60.0,134.0
710,19.0,45.0,137.0
711,59.0,61.0,183.0
712,18.0,40.0,82.0
713,25.0,120.0,114.0
714,29.0,92.0,111.0
715,29.0,26.0,87.0
716,27.0,40.0,104.0
717,22.0,24.0,207.0
718,47.0,65.0,104.0
719,98.0,72.0,102.0
720,23.0,28.0,96.0
721,32.0,34.0,148.0
722,83.0,75.0,116.0
723,89.0,73.0,90.0
724,47.0,80.0,119.0
725,27.0,66.0,104.0
726,42.0,127.0,178.0
727,20.0,35.0,81.0
728,90.0,57.0,77.0
729,77.0,56.0,141.0
730,25.0,76.0,104.0
731,35.0,29.0,104.0
732,20.0,129.0,74.0
733,122.0,52.0,185.0
734,32.0,46.0,216.0
735,148.0,19.0,89.0
736,49.0,39.0,166.0
737,44.0,118.0,89.0
738,60.0,79.0,112.0
739,41.0,87.0,246.0
740,87.0,94.0,194.0
741,86.0,62.0,106.0
742,48.0,51.0,157.0
743,71.0,55.0,81.0
744,43.0,37.0,97.0
745,25.0,47.0,119.0
746,46.0,28.0,128.0
747,65.0,62.0,81.0
748,55.0,73.0,211.0
749,31.0,42.0,215.0
750,93.0,38.0,133.0
751,15.0,37.0,144.0
752,53.0,60.0,108.0
753,124.0,63.0,232.0
754,45.0,53.0,149.0
755,30.0,55.0,205.0
756,15.0,111.0,129.0
757,69.0,64.0,268.0
758,14.0,30.0,132.0
759,35.0,85.0,173.0
760,54.0,23.0,118.0
761,39.0,61.0,134.0
762,115.0,43.0,93.0
763,108.0,36.0,118.0
764,92.0,27.0,101.0
765,34.0,67.0,133.0
766,24.0,77.0,83.0
767,25.0,44.0,166.0
768,59.0,64.0,121.0
769,53.0,18.0,164.0
770,69.0,28.0,97.0
771,13.0,101.0,87.0
772,23.0,107.0,89.0
773,48.0,29.0,214.0
774,17.0,67.0,150.0
775,47.0,131.0,211.0
776,24.0,50.0,105.0
777,17.0,30.0,159.0
778,13.0,24.0,174.0
779,29.0,32.0,193.0
780,22.0,75.0,212.0
781,24.0,40.0,121.0
782,36.0,27.0,120.0
783,42.0,25.0,132.0
784,233.0,61.0,202.0
785,31.0,109.0,99.0
786,97.0,32.0,104.0
787,35.0,42.0,83.0
788,57.0,37.0,94.0
789,49.0,33.0,165.0
790,75.0,67.0,123.0
791,134.0,14.0,73.0
792,21.0,48.0,140.0
793,121.0,41.0,136.0
794,91.0,31.0,188.0
795,39.0,25.0,81.0
796,103.0,65.0,119.0
797,22.0,22.0,70.0
798,27.0,63.0,123.0
799,27.0,72.0,189.0
800,34.0,32.0,89.0
801,54.0,45.0,106.0
802,82.0,20.0,123.0
803,121.0,44.0,159.0
804,165.0,31.0,90.0
805,41.0,26.0,149.0
806,48.0,25.0,141.0
807,90.0,23.0,142.0
808,223.0,29.0,145.0
809,80.0,33.0,131.0
810,51.0,17.0,166.0
811,93.0,30.0,82.0
812,34.0,48.0,120.0
813,99.0,77.0,110.0
814,53.0,31.0,112.0
815,128.0,74.0,109.0
816,95.0,28.0,79.0
817,130.0,29.0,107.0
818,38.0,39.0,217.0
819,181.0,27.0,120.0
820,92.0,35.0,126.0
821,52.0,39.0,116.0
822,147.0,31.0,129.0
823,20.0,34.0,119.0
824,220.0,13.0,73.0
825,47.0,63.0,82.0
826,28.0,60.0,94.0
827,18.0,19.0,129.0
828,37.0,27.0,93.0
829,21.0,22.0,102.0
830,28.0,30.0,107.0
831,29.0,36.0,72.0
832,105.0,19.0,90.0
833,28.0,41.0,100.0
834,35.0,25.0,116.0
835,128.0,26.0,110.0
836,81.0,37.0,105.0
837,98.0,17.0,81.0
838,44.0,16.0,83.0
839,58.0,24.0,39.0
840,49.0,42.0,81.0
841,95.0,35.0,79.0
842,61.0,28.0,121.0
843,165.0,21.0,110.0
844,110.0,34.0,112.0
845,49.0,73.0,115.0
846,62.0,20.0,103.0
847,95.0,28.0,134.0
848,108.0,40.0,110.0
849,63.0,59.0,302.0
850,102.0,15.0,98.0
851,18.0,32.0,136.0
852,21.0,32.0,101.0
853,36.0,17.0,176.0
854,51.0,26.0,203.0
855,49.0,26.0,161.0
856,57.0,40.0,93.0
857,26.0,111.0,210.0
858,125.0,78.0,135.0
859,63.0,70.0,137.0
860,30.0,28.0,100.0
861,19.0,66.0,83.0
862,102.0,85.0,129.0
863,148.0,33.0,78.0
864,113.0,30.0,75.0
865,25.0,61.0,115.0
866,94.0,23.0,93.0
867,124.0,33.0,81.0
868,50.0,22.0,104.0
869,20.0,41.0,163.0
870,59.0,49.0,93.0
871,155.0,114.0,87.0
872,43.0,19.0,83.0
873,17.0,26.0,202.0
874,111.0,29.0,102.0
875,22.0,20.0,130.0
876,100.0,35.0,137.0
877,29.0,20.0,221.0
878,22.0,41.0,220.0
879,122.0,13.0,164.0
880,61.0,118.0,145.0
881,28.0,36.0,102.0
882,144.0,30.0,88.0
883,82.0,25.0,86.0
884,54.0,35.0,150.0
885,155.0,14.0,210.0
886,117.0,23.0,138.0
887,42.0,26.0,94.0
888,152.0,29.0,114.0
889,154.0,17.0,71.0
890,144.0,15.0,140.0
891,20.0,16.0,101.0
892,64.0,29.0,181.0
893,38.0,16.0,109.0
894,58.0,15.0,134.0
895,20.0,33.0,193.0
896,30.0,32.0,117.0
897,63.0,35.0,153.0
898,17.0,14.0,97.0
899,133.0,16.0,78.0
900,52.0,14.0,91.0
901,51.0,14.0,119.0
902,99.0,32.0,157.0
903,104.0,13.0,135.0
904,58.0,20.0,138.0
905,64.0,21.0,141.0
906,56.0,30.0,99.0
907,18.0,35.0,91.0
908,37.0,12.0,105.0
909,107.0,16.0,147.0
910,130.0,22.0,97.0
911,111.0,55.0,88.0
912,42.0,28.0,62.0
913,58.0,102.0,83.0
914,60.0,37.0,91.0
915,13.0,23.0,117.0
916,29.0,46.0,93.0
917,173.0,36.0,76.0
918,184.0,42.0,288.0
919,133.0,66.0,154.0
920,28.0,56.0,94.0
921,47.0,88.0,123.0
922,24.0,32.0,206.0
923,98.0,41.0,125.0
924,115.0,68.0,109.0
925,146.0,78.0,120.0
926,147.0,35.0,94.0
927,22.0,102.0,96.0
928,109.0,104.0,237.0
929,63.0,29.0,106.0
930,47.0,25.0,100.0
931,47.0,48.0,133.0
932,60.0,27.0,187.0
933,96.0,15.0,121.0
934,98.0,38.0,196.0
935,166.0,32.0,156.0
936,62.0,17.0,137.0
937,61.0,15.0,128.0
938,22.0,84.0,153.0
939,122.0,37.0,118.0
940,83.0,27.0,122.0
941,107.0,19.0,189.0
942,104.0,53.0,111.0
943,46.0,16.0,83.0
944,34.0,47.0,97.0
945,208.0,30.0,103.0
946,166.0,26.0,84.0
947,41.0,17.0,102.0
948,144.0,22.0,81.0
949,22.0,13.0,106.0
950,47.0,40.0,102.0
951,126.0,24.0,109.0
952,74.0,25.0,126.0
953,118.0,17.0,273.0
954,29.0,16.0,182.0
955,152.0,29.0,102.0
956,24.0,24.0,153.0
957,204.0,26.0,95.0
958,21.0,38.0,146.0
959,178.0,36.0,137.0
960,129.0,21.0,142.0
961,109.0,38.0,127.0
962,29.0,28.0,117.0
963,175.0,18.0,133.0
964,61.0,37.0,88.0
965,88.0,42.0,112.0
966,225.0,83.0,97.0
967,64.0,21.0,143.0
968,31.0,12.0,135.0
969,40.0,35.0,179.0
970,105.0,21.0,96.0
971,119.0,31.0,109.0
972,126.0,20.0,116.0
973,83.0,12.0,102.0
974,68.0,13.0,150.0
975,38.0,19.0,105.0
976,144.0,15.0,108.0
977,115.0,75.0,125.0
978,91.0,28.0,146.0
979,31.0,13.0,139.0
980,106.0,11.0,283.0
981,80.0,40.0,169.0
982,15.0,30.0,135.0
983,98.0,15.0,108.0
984,53.0,46.0,93.0
985,55.0,11.0,175.0
986,51.0,22.0,124.0
987,168.0,23.0,152.0
988,45.0,92.0,125.0
989,34.0,36.0,121.0
990,165.0,30.0,129.0
991,149.0,69.0,117.0
992,39.0,17.0,165.0
993,180.0,31.0,175.0
994,39.0,22.0,120.0
995,36.0,10.0,113.0
996,147.0,10.0,152.0
997,20.0,74.0,122.0
998,126.0,23.0,112.0
999,68.0,35.0,96.0
1000,148.0,20.0,105.0
